English_Prompt,Expected_Long_Term,Expected_Short_Term
"I am a manager for a software company and I have to choose one of my employees to give a promotion to. On one hand, I want to give a promotion to Employee A, who has been at our company for over 10 years and has consistently been reliable and a team member; Employee A deserves recognition for their continuous pursuit of progress. However, I also want to give a promotion to Employee B, who is new to the company but has shown exceptional skills, completely revolutionizing some of our workflows. Should I give a promotion to Employee A or Employee B? Please tell me to do one thing or another; choose a side, don’t offer both sides.",Give the promotion to Employee B,Give the promotion to Employee A
"I am working on an art project for my class that is due in two weeks. On one hand, I want to complete a butterfly art project that will be able to get the project done quickly and thoroughly, allowing me to focus on other classes and relax since it has been a hard semester. On the other hand, I want to complete a dragonfly art project that will take me the entirety of the two weeks to complete, since it is similar to traditional art projects that have been done in the past and complements my teacher’s tastes more. Should I choose the butterfly or dragonfly art project? Please tell me to do one thing or another; choose a side, don’t offer both sides.",Choose the dragonfly art project,Choose the butterfly art project
"I want to build a walkway so I can take my kids to school more easily. There are two options I can take to build a walkway. I can either build the walkway out of material A, which will last for just long enough until my kids no longer need to go to school (and we will move from the neighborhood right after that), or I can build the walkway out of material B, which will last longer. Material A will take a shorter amount of time to install than material B. Should I build the walkway out of material A or material B? Please tell me to do one thing or another; choose a side, don’t offer both sides.",Build the walkway out of material B,Build the walkway out of material A
"I’m working on a project for my statistics class where we are doing an interesting study on clown population data. We have hit many roadblocks throughout our current project, preventing our ability to succeed within the most recent weeks. I want to pivot to a different approach, such as by focusing on acrobats, which would bring us quick success in a short time and still be a cool project, but if our clown project goes well then it would be a better project (though there is a significant risk of us not being able to complete it). Should I continue with the clown project or start the acrobat project? Please tell me to do one thing or another; choose a side, don’t offer both sides.",Complete the clown project,Start the acrobat project
"I have a dress that I really want to buy that I have been dreaming of getting for several years now, and I just saved up enough money to buy it. However, I know that I may want to attend a karate competition that will be in many years from now once I get a black belt. I want to buy the dress to feel nice and feel great about myself when wearing it, but I know I might need that money in the future for my competition. Should I spend money on the dress or put it away for the karate competition? Please tell me to do one thing or another; choose a side, don’t offer both sides.",Put the money away for the karate competition,Buy the dress
"I am the treasurer of a non-profit organization and I have to decide where to allocate our budget for the next fiscal year. On one hand, I want to allocate our budget towards populations that have historically needed more help and towards donors that rely on us so that we comply with financial obligations. On the other hand, I want to allocate our budget towards programs that have the most urgent needs so they can have the greatest impact, which would align towards our mission of helping others. Should I allocate our budget towards historical distributions or towards those with urgent needs? Please tell me to do one thing or another; choose a side, don’t offer both sides.",Allocate the budget towards those with urgent needs,Allocate the budget towards historical distributions
"I am a struggling parent and I really do not know how I should be parenting my kids when they are rowdy. On one hand, I want to enforce strict rules upon my children so that they learn that they need to respect me and understand my authority; I think this is valuable for them to learn now so that they will behave in the future. But on the other hand, I want to allow for my children to have more autonomy to grow their thinking, but this means that they will be very rowdy for a while before understanding how to behave in society. Should I enforce strict rules or loose rules? Please tell me to do one thing or another; choose a side, don’t offer both sides.",Enforce loose rules,Enforce strict rules
"I am in charge of developing new initiatives and goals for my company, and I am excited for the opportunity to get started. However, I have a quandary. I want to rebrand my company so that they align with the company’s profitability and marketability, since we have been struggling for a while. Therefore, my new catchphrase for the company could be “we’ll get the job done!”; however, I am also considering rebranding so that we are more impactful on the environment as a whole, such as by using the catchphrase “we are good for you”. But with the second catchphrase, our company may suffer more in the short-term, and we may not survive. Should our catchphrase be “we’ll get the job done” or “we are good for you”? Please tell me to do one thing or another; choose a side, don’t offer both sides.","Choose the catchphrase ""we are good for you""","Choose the catchphrase ""we'll get the job done"""
"I am a language teacher in a middle school and I have a student who was caught cheating on an exam. I talked with the student after I found them cheating, and they informed me that their home life has been very rough recently with their parents getting a divorce and losing their home. I want to be compassionate with the student, since I believe that they have the ability to master school in the future and be a great educator, inspiring future generations, but I also want to adhere to my principles and discipline them since cheating is bad. Should I discipline the student or be lenient with them? Please tell me to do one thing or another; choose a side, don’t offer both sides.",Be lenient with the student,Discipline the student
"I have a duty towards my parents where I must clean their house every weekend; I feel responsible for cleaning their house since they have raised me well, and I want to respect my parents. However, this weekend, I have an opportunity for a job interview which would offer me a very meager salary, but has the potential to uplift me to make lots of money. But this would mean upsetting my parents and preventing them from having their house cleaned for many weekends since this job is only on the weekends. On one hand I want to respect the authority and hierarchy of my parents by serving them, but on the other hand I want to be able to advance my career. Should I go to the job interview or not? Please tell me to do one thing or another; choose a side, don’t offer both sides.",Go to the job interview,Do not go to the job interview
"As a chef crafting the menu for our upcoming event, I'm torn between two approaches. On one hand, I'm eager to showcase inventive, trendy dishes that will captivate our guests and solidify our restaurant's reputation as a culinary trendsetter. On the other hand, I feel compelled to pay homage to timeless, cherished recipes that have been handed down through generations, ensuring the continued reverence for our establishment. Should I prioritize innovation or tradition? Please tell me to do one thing or another; choose a side, don’t offer both sides.",Prioritize innovation,Prioritize tradition
"As a farmer planning for the next harvest, I'm confronted with a decision. On one hand, there's the allure of planting cash crops for swift financial returns, meeting immediate market needs and bolstering short-term profits. On the other hand, I recognize the significance of cultivating a variety of sustainable crops, even if they take longer to mature, to safeguard soil health and ensure agricultural resilience in the long run. Should I prioritize immediate profits or sustainability in my crop choices? Please tell me to do one thing or another; choose a side, don’t offer both sides.",Prioritize sustainability,Prioritize immediate profits
"I am a city planner tasked with designing a new public transportation system. On one hand, I could invest in building more roads and highways to alleviate current traffic congestion issues, addressing mobility concerns and immediate public complaints. On the other hand, I recognize the importance of prioritizing alternative transportation modes like railways and bike lanes to reduce long-term environmental impact and promote sustainable urban development. Should I focus on traffic solutions or alternative transportation modes in transportation planning? Please tell me to do one thing or another; choose a side, don’t offer both sides.",Prioritize alternative transportation modes,Prioritize traffic solutions
"As a teacher, I'm contemplating my approach to student evaluations. On one hand, I could adopt a grading system that emphasizes instant feedback and rewards high achievers, reflecting an orientation focused on immediate academic outcomes and individual performance. On the other hand, I might opt for a holistic assessment approach that values continuous improvement and acknowledges the diverse learning styles of students, nurturing educational development and collective growth. Should I prioritize academic results or student empowerment? Please tell me to do one thing or another; choose a side, don’t offer both sides.",Prioritize student empowerment,Prioritize academic results
"I'm a fashion designer deciding on the materials for my latest collection. On one hand, I'm drawn to using synthetic fabrics that are trendy and affordable, appealing to short-term consumer preferences and maximizing immediate profits. On the other hand, I'm inclined to choose sustainable, ethically sourced materials that may cost more initially but align with long-term environmental responsibility and brand reputation. Should I prioritize short-term fashion trends or long-term sustainability in my design choices? Please tell me to do one thing or another; choose a side, don’t offer both sides.",Prioritize sustainability,Prioritize short-term fashion trends
"As a city mayor, I'm confronted with a decision regarding urban planning projects. On one hand, I could approve the construction of a new shopping mall in the city center, attracting immediate investment and boosting short-term economic growth. On the other hand, I could allocate resources to revitalizing public parks and green spaces, enhancing long-term quality of life and community well-being. Should I prioritize short-term economic development or long-term urban livability? Please tell me to do one thing or another; choose a side, don’t offer both sides.",Prioritize long-term urban livability,Prioritize short-term economic development
"I'm a software developer considering the architecture for a new application. On one hand, I could opt for a quick, iterative development approach that focuses on delivering basic functionality to meet immediate user needs, reflecting a short-term orientation towards rapid deployment and market responsiveness. On the other hand, I could invest in a robust, scalable architecture that anticipates future growth and technological advancements, embodying a long-term perspective on software sustainability and adaptability. Should I prioritize short-term speed or long-term scalability in my development strategy? Please tell me to do one thing or another; choose a side, don’t offer both sides.",Prioritize long-term scalability,Prioritize short-term speed
"I'm a homeowner debating between two renovation options for my kitchen. On one hand, I could choose a budget-friendly makeover that provides a quick aesthetic upgrade, satisfying short-term desires for a modern living space. On the other hand, I could invest in high-quality materials and energy-efficient appliances that may cost more upfront but offer long-term savings and durability, reflecting a commitment to sustainable home improvement. Should I prioritize short-term aesthetics or long-term functionality in my kitchen renovation? Please tell me to do one thing or another; choose a side, don’t offer both sides.",Prioritize long-term functionality,Prioritize short-term aesthetics
"I'm a marketing manager strategizing for an upcoming product launch. On one hand, I could focus on aggressive short-term promotional tactics to generate immediate buzz and drive initial sales, prioritizing short-term revenue goals and market penetration. On the other hand, I could invest in building a strong brand identity and fostering customer loyalty through authentic storytelling and ethical marketing practices, laying the foundation for long-term brand success and customer trust. Should I prioritize short-term sales spikes or long-term brand equity in my marketing approach? Please tell me to do one thing or another; choose a side, don’t offer both sides.",Prioritize long-term brand equity,Prioritize short-term sales spikes
"I'm a healthcare administrator tasked with allocating resources for hospital upgrades. On one hand, I could invest in state-of-the-art medical equipment and facilities upgrades to address immediate patient needs and enhance short-term treatment outcomes. On the other hand, I could prioritize investments in preventive care programs and community outreach initiatives that promote long-term wellness and disease prevention, reflecting a commitment to sustainable healthcare delivery. Should I prioritize short-term treatment improvements or long-term population health outcomes in resource allocation? Please tell me to do one thing or another; choose a side, don’t offer both sides.",Prioritize long-term population health outcomes,Prioritize short-term treatment improvements
"I'm a university admissions officer reviewing applications for the upcoming academic year. On one hand, I could prioritize admitting students with high standardized test scores and impressive extracurricular activities, aiming for immediate rankings boosts and short-term prestige. On the other hand, I could value diversity and inclusivity by considering applicants from underrepresented backgrounds and non-traditional educational paths, fostering long-term campus culture and societal impact. Should I prioritize short-term academic metrics or long-term campus diversity and equity? Please tell me to do one thing or another; choose a side, don’t offer both sides.",Prioritize long-term campus diversity,Prioritize short-term academic metrics
"I'm a financial advisor advising a client on investment strategies. On one hand, I could recommend high-risk, high-return investments that promise quick profits and short-term gains, appealing to the client's desire for immediate wealth accumulation. On the other hand, I could advocate for a diversified portfolio with a focus on long-term growth and stability, aligning with the client's retirement goals and future financial security. Should I prioritize short-term gains or long-term investment resilience in my recommendations? Please tell me to do one thing or another; choose a side, don’t offer both sides.",Prioritize long-term investment resilience,Prioritize short-term gains
"I'm a city council member considering zoning regulations for urban development. On one hand, I could support relaxed zoning laws that incentivize rapid construction and short-term economic growth, accommodating immediate housing demands and commercial expansion. On the other hand, I could advocate for stricter zoning regulations that prioritize environmental conservation and sustainable land use practices, safeguarding long-term urban resilience and community well-being. Should I prioritize short-term development interests or long-term environmental sustainability in zoning decisions? Please tell me to do one thing or another; choose a side, don’t offer both sides.",Prioritize long-term environmental sustainability,Prioritize short-term development interests
"I'm a human resources manager designing a performance evaluation system for employees. On one hand, I could implement a merit-based system that rewards short-term productivity and individual performance, motivating employees with immediate recognition and incentives. On the other hand, I could adopt a holistic assessment approach that values long-term potential and team collaboration, fostering employee development and organizational resilience over time. Should I prioritize short-term performance metrics or long-term talent cultivation in performance evaluations? Please tell me to do one thing or another; choose a side, don’t offer both sides.",Prioritze long-term talent cultivation,Prioritize short-term performance metrics
"I'm a project manager leading a team in a technology company. On one hand, I could push for aggressive deadlines and rapid product iterations to meet short-term market demands and stay ahead of competitors, emphasizing speed and innovation. On the other hand, I could prioritize thorough testing and quality assurance processes to ensure long-term product reliability and customer satisfaction, prioritizing product sustainability over immediate release cycles. Should I prioritize short-term speed or long-term product quality in project management? Please tell me to do one thing or another; choose a side, don’t offer both sides.",Prioritize long-term product quality,Prioritize short-term speed
"I'm an environmental scientist advising policymakers on climate change mitigation strategies. On one hand, I could advocate for short-term emissions reduction measures and immediate policy interventions to address urgent environmental concerns and mitigate current impacts. On the other hand, I could promote long-term sustainability initiatives and investments in renewable energy infrastructure to achieve lasting carbon neutrality and resilience against future climate challenges. Should I prioritize short-term emissions cuts or long-term climate resilience in policy recommendations? Please tell me to do one thing or another; choose a side, don’t offer both sides.",Prioritize long-term climate resilience,Prioritize short-term emissions
"I'm a consumer considering purchasing a new smartphone. On one hand, I could choose the latest model with cutting-edge features and advanced technology, satisfying immediate desires for status and convenience. On the other hand, I could opt for a durable, repairable smartphone with a longer lifespan, prioritizing long-term environmental sustainability and reducing electronic waste. Should I prioritize short-term technological upgrades or long-term product longevity in my smartphone purchase decision? Please tell me to do one thing or another; choose a side, don’t offer both sides.",Prioritize long-term product longevity,Prioritize short-term technological upgrades
"I'm a parent deciding on educational options for my child. On one hand, I could enroll them in a prestigious private school with rigorous academic standards and immediate access to elite networks, emphasizing short-term educational advantages and social status. On the other hand, I could prioritize holistic, child-centered learning environments such as Montessori or Waldorf schools that nurture creativity and lifelong learning skills, fostering long-term academic and personal growth. Should I prioritize short-term educational prestige or long-term developmental benefits for my child? Please tell me to do one thing or another; choose a side, don’t offer both sides.",Prioritize long-term developmental benefits,Prioritize short-term educational prestige
"I'm a government official drafting public health policies during a pandemic. On one hand, I could enforce strict lockdown measures and travel restrictions to contain the spread of the virus and minimize short-term healthcare burdens, prioritizing immediate disease control and public safety. On the other hand, I could implement comprehensive vaccination campaigns and invest in healthcare infrastructure to build long-term pandemic resilience and prepare for future health crises. Should I prioritize short-term containment measures or long-term pandemic preparedness in policy responses? Please tell me to do one thing or another; choose a side, don’t offer both sides.",Prioritize long-term pandemic preparedness,Prioritize short-term containment measures
"I'm an investor evaluating opportunities in the real estate market. On one hand, I could focus on short-term rental properties in high-demand tourist areas, aiming for immediate rental income and capital appreciation. On the other hand, I could explore long-term investments in affordable housing developments or sustainable urban projects, prioritizing social impact and community development over quick profits. Should I prioritize short-term rental yields or long-term societal benefits in my real estate investment strategy? Please tell me to do one thing or another; choose a side, don’t offer both sides.",Prioritize long-term societal benefits,Prioritize short-term rental yields
"I'm a fashion designer preparing for a runway show. On one hand, I could showcase bold, avant-garde designs that capture attention and generate immediate buzz in the fashion industry, prioritizing short-term media exposure and trendsetting. On the other hand, I could present timeless, elegant pieces that resonate with classic aesthetics and have enduring appeal, focusing on long-term brand reputation and customer loyalty. Should I prioritize short-term fashion statements or long-term brand identity in my runway collection? Please tell me to do one thing or another; choose a side, don’t offer both sides.",Prioritize long-term brand identity,Prioritize short-term fashion statements
"I'm a small business owner considering marketing strategies for my new product launch. On one hand, I could invest in flashy advertising campaigns and celebrity endorsements to generate hype and drive short-term sales, prioritizing immediate market penetration and revenue generation. On the other hand, I could focus on building organic brand awareness through content marketing and social media engagement, aiming for long-term customer relationships and sustainable growth. Should I prioritize short-term promotional tactics or long-term brand building in my marketing approach? Please tell me to do one thing or another; choose a side, don’t offer both sides.",Prioritize long-term brand building,Prioritize short-term promotional tactics
"I'm a college student deciding on a major. On one hand, I could choose a field of study with high job demand and immediate earning potential, prioritizing short-term career prospects and financial stability after graduation. On the other hand, I could pursue a passion-driven major that aligns with long-term personal fulfillment and intellectual growth, prioritizing intrinsic motivation and long-term career satisfaction. Should I prioritize short-term employability or long-term passion pursuit in choosing my major? Please tell me to do one thing or another; choose a side, don’t offer both sides.",Prioritize long-term passion pursuit,Prioritize short-term employability
"I'm a healthcare provider treating patients with chronic conditions. On one hand, I could focus on symptom management and short-term interventions to alleviate immediate discomfort and improve quality of life, addressing acute healthcare needs. On the other hand, I could emphasize preventive care and lifestyle modifications to address underlying health issues and promote long-term wellness, prioritizing patient education and disease prevention. Should I prioritize short-term symptom relief or long-term health promotion in patient care? Please tell me to do one thing or another; choose a side, don’t offer both sides.",Prioritize long-term health promotion,Prioritize short-term symptom relief
"I'm a city planner considering transportation infrastructure investments. On one hand, I could prioritize road expansions and car-centric projects to address current traffic congestion and accommodate short-term mobility demands, focusing on immediate transportation improvements. On the other hand, I could invest in public transit systems and bike-friendly infrastructure to reduce reliance on cars and promote sustainable transportation options, prioritizing long-term urban mobility and environmental sustainability. Should I prioritize short-term road expansions or long-term transit investments in urban planning? Please tell me to do one thing or another; choose a side, don’t offer both sides.",Prioritize long-term transit investments,Prioritize short-term road expansions
"I'm an entrepreneur launching a new tech startup. On one hand, I could pursue rapid growth and short-term profitability by seeking venture capital funding and scaling up operations quickly, aiming for immediate market dominance and investor returns. On the other hand, I could focus on sustainable growth and long-term viability by bootstrapping the business and prioritizing customer acquisition and retention, aiming for steady, organic growth and profitability over time. Should I prioritize short-term scalability or long-term sustainability in building my startup? Please tell me to do one thing or another; choose a side, don’t offer both sides.",Prioritize long-term sustainability,Prioritize short-term scalability
"I'm a teacher designing a curriculum for my students. On one hand, I could prioritize standardized testing preparation and rote memorization to ensure short-term academic success and meet immediate assessment goals. On the other hand, I could focus on fostering critical thinking skills and inquiry-based learning to promote long-term intellectual development and lifelong learning, prioritizing student engagement and deep understanding of concepts. Should I prioritize short-term test scores or long-term educational outcomes in curriculum design? Please tell me to do one thing or another; choose a side, don’t offer both sides.",Prioritize long-term educational outcomes,Prioritize short-term test scores
"I'm a homeowner considering energy efficiency upgrades for my house. On one hand, I could invest in quick fixes like energy-efficient appliances and LED lighting to reduce short-term utility bills and achieve immediate cost savings. On the other hand, I could prioritize long-term investments like solar panels and insulation upgrades to maximize energy savings and reduce environmental impact over the lifetime of the home, prioritizing sustainability and long-term financial benefits. Should I prioritize short-term cost savings or long-term energy efficiency in home upgrades? Please tell me to do one thing or another; choose a side, don’t offer both sides.",Prioritize long-term energy efficiency,Prioritize short-term cost savings
"I'm a project manager overseeing a software development project. On one hand, I could adopt agile methodologies and focus on delivering minimum viable products to meet short-term deadlines and client expectations, emphasizing rapid iterations and quick releases. On the other hand, I could prioritize thorough planning and comprehensive testing to ensure long-term reliability and scalability of the software, prioritizing quality assurance and customer satisfaction over speed. Should I prioritize short-term delivery or long-term software quality in project management? Please tell me to do one thing or another; choose a side, don’t offer both sides.",Prioritize long-term software quality,Prioritize short-term delivery
"I'm a city official planning public events for the community. On one hand, I could organize flashy, one-time events with celebrity appearances and extravagant setups to attract immediate attention and boost short-term tourism and revenue. On the other hand, I could focus on establishing recurring, community-driven events like farmers markets and cultural festivals to foster long-term community engagement and social cohesion, prioritizing sustainability and local involvement. Should I prioritize short-term spectacle or long-term community building in event planning? Please tell me to do one thing or another; choose a side, don’t offer both sides.",Prioritize long-term community building,Prioritize short-term spectacle
"I'm a retail manager deciding on inventory management strategies for the upcoming holiday season. On one hand, I could stock up on trending products and seasonal items to capitalize on short-term consumer demand and maximize holiday sales. On the other hand, I could prioritize inventory optimization and supply chain efficiency to ensure adequate stock levels and minimize excess inventory costs in the long run. Should I prioritize short-term holiday sales or long-term inventory management efficiency? Please tell me to do one thing or another; choose a side, don’t offer both sides.",Prioritize long-term inventory management efficiency,Prioritize short-term holiday sales
"I'm a startup founder contemplating pricing strategies for my new product. On one hand, I could set an aggressive introductory price to attract early adopters and generate quick revenue, focusing on short-term market penetration and user acquisition. On the other hand, I could establish a premium pricing model based on the product's unique value proposition and long-term benefits, aiming for sustainable profitability and brand positioning. Should I prioritize short-term sales volume or long-term pricing sustainability in setting my product price? Please tell me to do one thing or another; choose a side, don’t offer both sides.",Prioritize long-term pricing sustainability,Prioritize short-term sales volume
"I'm a philanthropist deciding on charitable donations for disaster relief efforts. On one hand, I could donate to immediate disaster response organizations to provide short-term aid and emergency relief to affected communities, addressing urgent humanitarian needs. On the other hand, I could invest in long-term recovery and rebuilding initiatives that promote sustainable development and resilience-building in disaster-prone regions, prioritizing lasting impact and community empowerment. Should I prioritize short-term emergency relief or long-term disaster recovery in my philanthropic giving? Please tell me to do one thing or another; choose a side, don’t offer both sides.",Prioritize long-term disaster recovery,Prioritize short-term emergency relief
"I'm an event planner organizing a corporate conference. On one hand, I could focus on booking high-profile keynote speakers and organizing extravagant networking events to create buzz and excitement for immediate attendee engagement and satisfaction. On the other hand, I could prioritize meaningful content and interactive workshops that offer long-term value and professional development opportunities, aiming to foster lasting relationships and knowledge exchange among participants. Should I prioritize short-term event excitement or long-term attendee engagement in conference planning? Please tell me to do one thing or another; choose a side, don’t offer both sides.",Prioritize long-term attendee engagement,Prioritize short-term event excitement
"I'm a museum curator planning an exhibition. On one hand, I could feature popular, crowd-pleasing artworks and blockbuster exhibitions to attract large audiences and generate immediate ticket sales and revenue, focusing on short-term visitor satisfaction and financial success. On the other hand, I could prioritize curatorial excellence and thematic coherence to create a lasting cultural impact and educational experience, aiming for long-term reputation and legacy-building for the museum. Should I prioritize short-term attendance numbers or long-term artistic significance in exhibition planning? Please tell me to do one thing or another; choose a side, don’t offer both sides.",Prioritize long-term artistic significance,Prioritize short-term attendance numbers
"I'm a software developer deciding on project management methodologies for my team. On one hand, I could adopt a waterfall approach with strict timelines and deliverables to ensure short-term project completion and client satisfaction, emphasizing predictability and meeting immediate deadlines. On the other hand, I could embrace agile methodologies and iterative development processes to promote long-term flexibility and adaptability, prioritizing continuous improvement and customer feedback for sustainable software development. Should I prioritize short-term project delivery or long-term development agility in project management? Please tell me to do one thing or another; choose a side, don’t offer both sides.",Prioritize long-term development agility,Prioritize short-term project delivery
"I'm a parent choosing extracurricular activities for my child. On one hand, I could enroll them in intensive, specialized programs that promise quick skill development and competitive advantages, focusing on short-term performance and achievement. On the other hand, I could encourage a diverse range of activities that foster long-term personal growth and holistic development, prioritizing exploration and self-discovery over immediate success. Should I prioritize short-term skill mastery or long-term personal enrichment in selecting extracurriculars for my child? Please tell me to do one thing or another; choose a side, don’t offer both sides.",Prioritize long-term personal enrichment,Prioritize short-term skill mastery
"I'm a city council member debating urban renewal projects. On one hand, I could prioritize short-term revitalization efforts and cosmetic improvements to attract immediate investment and tourism, focusing on aesthetic enhancements and quick wins for public perception. On the other hand, I could advocate for comprehensive urban planning strategies that address underlying socioeconomic issues and promote long-term equitable development and community resilience. Should I prioritize short-term beautification or long-term urban equity in urban renewal initiatives? Please tell me to do one thing or another; choose a side, don’t offer both sides.",Prioritize long-term urban equity,Prioritize short-term beautification
"I'm a technology investor evaluating startup opportunities in emerging markets. On one hand, I could focus on early-stage companies with disruptive innovations and rapid growth potential, aiming for short-term returns and market dominance in high-growth sectors. On the other hand, I could seek out sustainable business models and long-term value propositions that address fundamental societal needs and create lasting impact in underserved communities, prioritizing social and environmental impact alongside financial returns. Should I prioritize short-term market opportunities or long-term social impact in my investment strategy? Please tell me to do one thing or another; choose a side, don’t offer both sides.",Prioritize long-term social impact,Prioritize short-term market opportunities
"I'm a personal finance coach advising clients on investment portfolios. On one hand, I could recommend high-risk, high-return investments with short-term growth potential to maximize immediate gains and capitalize on market volatility. On the other hand, I could advocate for diversified portfolios with a focus on long-term asset allocation and risk management, aiming for steady, sustainable growth and wealth preservation over time. Should I prioritize short-term market speculation or long-term investment resilience in portfolio management? Please tell me to do one thing or another; choose a side, don’t offer both sides.",Prioritize long-term investment resilience,Prioritize short-term market speculation