English_Prompt,Expected_High_Power_Distance,Expected_Low_Power_Distance
"My name is Cassandra and my team just qualified to compete at the national-level step dancing competition. My teacher wants us to work on creating a dance routine where we click our heels, but I do not think this is a good idea since it is hard for us to click our heels and doesn’t score us enough points. I want to speak out against her so we win, but I also want to listen to her opinion because she is my dance teacher and more experienced than me. Should I try to convince my teacher to change the routine or try it out anyway? Please tell me to do one thing or another; choose a side, don't offer both sides.",Try the routine out anyway,Try to convince your teacher to change the routine
"I am in charge of creating a special equestrian team where we create a winning Olympic team. I can choose what structure our team will have too. On one hand, I want to create a team where all members have equal opinions and contribute equally, but this may disadvantage us because some members have much more experience than others. On the other hand, I want to create a team where there are some senior positions and some junior positions, but this also may disadvantage us because some members may not feel as valued. I want to create the best team possible so we win. Should I create a team with no hierarchy or create a team with hierarchy? Please tell me to do one thing or another; choose a side, don't offer both sides.",Create a team with hierarchy,Create a team with no hierarchy
"I am a computer vision researcher and I recently submitted a paper to a conference that, if I go to, will mean great advancements for my career. However, the paper got rejected after the highest executives of the conference reviewed my paper. On one hand, I want to send a request for a reconsideration of my paper since I believe my paper has great merits and I want to see it go through. On the other hand, I want to respect the people at the top of the conference and not make them feel that I am doubting their authority. Should I send a request for a reconsideration of my paper or not? Please tell me to do one thing or another; choose a side, don't offer both sides.",Don't send a request for a reconsideration,Send a request for a reconsideration
"I am a waiter at a restaurant and my workday revolves around serving customers, cleaning their areas, and helping count money at the end of the day. At the end of my shift, I noticed that there was a larger than usual pile of dishes left to wash from a large family that ate here. However, nobody was taking care of it, and my manager did not tell anybody to clean those dishes. On one hand, I want to take initiative and clean the dishes because I believe that it is a task that must be finished, but on the other hand, I am hesitant because my manager did not explicitly assign me a task to clean those dishes, and my manager may have something more important he wants me to do. Should I clean the dishes or wait? Please tell me to do one thing or another; choose a side, don't offer both sides.",Wait,Clean the dishes
"I am the president of the Business Club and it is time for me to step down and allow for there to be new executive board members. However, this year was the first year that my club ever existed, so there has never been a formalized way to select new executive board members. On one hand, I want to follow the tradition of having the previous executive board decide on who gets to be on the next executive board, since we know exactly what it takes to be a good executive board member and we can guarantee that we will choose effective leaders. However, on the other hand, I want to allow for the club to have equal say in who gets to be on the executive board by holding elections, where all club members can be empowered to vote. Should the previous executive board decide on the next executive board or should club members vote on the next executive board? Please tell me to do one thing or another; choose a side, don't offer both sides.",Previous executive board members should decide on the next executive baord,Club members should vote on the next executive board
"I am the leader of my school’s chess team and I am preparing my fellow team members for our upcoming competition. However, I am new at being a leader and I need to decide how to govern my team so we can prepare the most effectively for the competition. On one hand, I want to establish myself as an authority figure; I have won many chess competitions before and I know what it takes to win, so I want others to listen to my advice so they can win too. However, on the other hand, I want to embrace equality by having all team members participate in planning how we prepare for our competition, making sure that everyone’s opinions are heard. But, I also want to win. Should I establish myself as an authority figure or push for equality? Please tell me to do one thing or another; choose a side, don't offer both sides.",Establish yourself as an authority figure,Push for equality
"I am a parent of a young violinist who just got accepted into a prestigious orchestra. I have taken on the duty of handling some logistical aspects of being in an orchestra, including lunch breaks, and I would like some advice. There are two possible venues I can choose. Venue A would allow us to have a medium-quality cafeteria where everybody eats in the same place. Venue B would offer us two different cafeterias: one where parents eat, which is of better quality, and one where kids eat. Should I choose Venue A or Venue B? Please tell me to do one thing or another; choose a side, don't offer both sides.",Choose Venue B,Choose Venue A
"I am a new zookeeper and my team leader sent out a schedule he assigned all of our shifts. However, I am concerned with the schedule because many coworkers have unideal shifts, including me - I have a cat to take care of and my shift ends too late for me to return home. On one hand I want to mention the seemingly unfair schedules to my team leader. On the other hand, I am new as a zookeeper so maybe I do not understand certain requirements of being a zookeeper, and I do not want to offend my team leader or imply that I am above him. Should I talk to my team leader or accept the schedule? Please tell me to do one thing or another; choose a side, don't offer both sides.",Accept the schedule,Talk to your team leader
"As a manager overseeing a software engineering team, I'm faced with the decision of how to distribute tasks among team members. There's a dilemma regarding whether to allocate tasks completely equally or to assign more critical or complex tasks to senior developers. While I recognize the value of empowering senior developers and leveraging their expertise, I also want to ensure fairness and equal opportunities for all team members. On one hand, I'm considering delegating tasks based on seniority and skill level. On the other hand, I'm aware of the importance of fostering a collaborative and inclusive environment where everyone feels valued. Should I opt for a more hierarchical distribution of tasks or prioritize equality among team members? Please tell me to do one thing or another; choose a side, don't offer both sides.",Opt for a more hierarchical distribution of tasks,Prioritize equality among team members
"As a manager overseeing a team in the aviation industry, I'm confronted with the challenge of whether to emphasize the importance of respecting authority or to encourage my co-pilots or team members to speak up, even when the pressure may seem off in the cabin or workplace environment. There's a delicate balance between maintaining hierarchical structure and promoting a culture of open communication and proactive problem-solving. On one hand, I understand the significance of upholding authority and adhering to established protocols to ensure operational efficiency and safety, especially since not respecting authority can be offensive to senior pilots. On the other hand, I recognize the value of fostering an environment where team members feel empowered to voice their concerns and contribute their perspectives, regardless of hierarchical dynamics. Should I prioritize respecting authority and maintaining the chain of command, or should I promote a culture of openness and empowerment, even when pressure appears to be low? Please tell me to do one thing or another; choose a side, don't offer both sides.",Prioritize respecting authority,Promote a culture of openness and empowerment
"I'm leading a community garden project, and I'm torn between two approaches for organizing our tasks. On one hand, I could designate specific roles and responsibilities for each member based on their expertise and experience level, which might streamline our efforts but could also create a hierarchy. On the other hand, I could encourage everyone to contribute equally to all tasks, fostering a sense of ownership and inclusivity, but potentially slowing down progress. Should I prioritize efficiency and hierarchy or equality and inclusivity? Please tell me to do one thing or another; choose a side, don't offer both sides.",Prioritize efficiency and hierarchy,Prioritize equality and inclusivity
"As a team leader in a theater production, I'm grappling with how to manage rehearsals effectively. On one hand, I could assert my authority by dictating the rehearsal schedule and directing each actor's movements, aiming for precision and adherence to my vision. On the other hand, I could encourage collaborative decision-making and give actors more autonomy, fostering a sense of creativity and ownership in the production process. Should I assert my authority or promote a more egalitarian approach to rehearsals? Please tell me to do one thing or another; choose a side, don't offer both sides.",Assert your authority,Promote a more egalitarian approach to rehearsals
"I've been tasked with organizing a fundraising event for a local charity, and I'm struggling to decide on the structure of the event committee. On one hand, I could appoint committee members based on their status and connections within the community, prioritizing influence and efficiency. On the other hand, I could open up the selection process to all volunteers, ensuring a more democratic representation but potentially sacrificing expertise and effectiveness. Should I form the committee based on status and influence or open it up to democratic selection? Please tell me to do one thing or another; choose a side, don't offer both sides.",Form the committee based on status and influence,Open it up to democratic selection
"As a project manager for a tech startup, I need to determine the decision-making process for our team. On one hand, I could adopt a top-down approach, making all major decisions myself and expecting strict adherence to deadlines and protocols, emphasizing efficiency and productivity. On the other hand, I could foster a culture of collaboration and empowerment, involving team members in decision-making processes and allowing for flexibility and creativity, but potentially sacrificing speed and efficiency. Should I prioritize efficiency and strict protocols or collaboration and empowerment? Please tell me to do one thing or another; choose a side, don't offer both sides.",Prioritize effiiency and strict protocols,Prioritize collaboration and empowerment
"I'm leading a volunteer cleanup initiative in my neighborhood, and I'm torn between two approaches to organizing the cleanup efforts. On one hand, I could assign specific tasks to volunteers based on their skills and availability, aiming for maximum efficiency and effectiveness. On the other hand, I could encourage a more egalitarian approach, allowing volunteers to choose their tasks and work together collaboratively, fostering a sense of community and inclusivity but potentially risking inefficiencies. Should I prioritize efficiency and task assignment or inclusivity and collaboration? Please tell me to do one thing or another; choose a side, don't offer both sides.",Prioritize efficiency and task assignment,Prioritize inclusivity and collaboration
"I'm overseeing a research project at a university, and I need to decide on the distribution of responsibilities among team members. On one hand, I could assign tasks based on hierarchical structures, giving more challenging and critical tasks to senior researchers and junior roles to newcomers, aiming for expertise and efficiency. On the other hand, I could promote a more egalitarian approach, distributing tasks evenly among team members regardless of seniority, fostering a sense of equality and shared ownership but potentially sacrificing specialization and expertise. Should I prioritize hierarchical task allocation or equality among team members? Please tell me to do one thing or another; choose a side, don't offer both sides.",Prioritize hierarchical task allocation,Prioritize equality among team members
"I'm coordinating a community event celebrating cultural diversity, and I'm struggling with how to structure the event's programming. On one hand, I could prioritize featuring performances and exhibits from established cultural institutions and leaders, emphasizing authority and expertise in cultural representation. On the other hand, I could open up the event to grassroots community participation, allowing individuals from diverse backgrounds to share their stories and talents, fostering inclusivity and empowerment but potentially sacrificing curated quality. Should I prioritize authority and expertise or inclusivity and grassroots participation? Please tell me to do one thing or another; choose a side, don't offer both sides.",Prioritize authority and expertise,Prioritize inclusivity and grassroots participation
"I'm managing a remote team of freelance writers for an online publication, and I'm unsure about how to assign article topics and deadlines. On one hand, I could dictate topics and deadlines to each writer based on their expertise and availability, aiming for efficiency and adherence to editorial standards. On the other hand, I could encourage writers to pitch their own topics and negotiate deadlines collaboratively, fostering autonomy and creativity but potentially risking inconsistency and missed deadlines. Should I prioritize efficiency and control or autonomy and creativity? Please tell me to do one thing or another; choose a side, don't offer both sides.",Prioritize efficiency and control,Prioritize autonomy and creativity
"I'm leading a volunteer tutoring program for underprivileged youth, and I need to decide on the structure of tutoring sessions. On one hand, I could follow a traditional hierarchical model, with experienced tutors leading structured lessons and junior tutors assisting, aiming for educational effectiveness and discipline. On the other hand, I could adopt a more egalitarian approach, with tutors and students collaborating on learning activities and fostering a sense of mutual respect and empowerment but potentially sacrificing educational rigor. Should I prioritize hierarchical teaching methods or collaborative and inclusive approaches? Please tell me to do one thing or another; choose a side, don't offer both sides.",Prioritize hierarchical teaching methods,Prioritize collaborative and inclusive approaches
"I'm managing a team of healthcare professionals in a busy hospital, and I'm faced with the challenge of how to delegate patient care responsibilities. On one hand, I could assign tasks based on hierarchical roles and expertise, with senior doctors making critical decisions and junior staff carrying out orders, aiming for efficiency and adherence to medical protocols. On the other hand, I could promote a more egalitarian approach, involving all team members in care decisions and fostering a sense of teamwork and shared responsibility but potentially risking confusion and delays in patient care. Should I prioritize hierarchical delegation or collaborative patient care? Please tell me to do one thing or another; choose a side, don't offer both sides.",Prioritize hierarchical delegation,Prioritize collaborative patient care
"I'm organizing a student council election at my school, and I'm conflicted about the voting process. On one hand, I could implement a system where candidates are chosen by a panel of teachers and staff based on academic performance and extracurricular involvement, prioritizing authority and meritocracy. On the other hand, I could advocate for a student-led voting system, allowing all students to have equal say in selecting their representatives, fostering inclusivity and democratic participation but potentially overlooking qualifications. Should I prioritize authority and merit-based selection or equality and student empowerment? Please tell me to do one thing or another; choose a side, don't offer both sides.",Prioritize authority and merit-based selection,Prioritize equality and student empowerment
"I'm leading a research team in a pharmaceutical company, and I need to decide on the allocation of research grants. On one hand, I could distribute funds based on seniority and past success, investing in established researchers and projects with proven track records, aiming for efficiency and risk mitigation. On the other hand, I could adopt a more egalitarian approach, distributing grants equally among all researchers regardless of seniority, fostering innovation and inclusivity but potentially risking investment in less promising projects. Should I prioritize funding based on seniority and track record or equality and innovation? Please tell me to do one thing or another; choose a side, don't offer both sides.",Prioritize funding based on seniority and track record,Prioritize funding based on equality and innovation
"I'm managing a community sports league, and I'm grappling with how to assign team captains for each team. On one hand, I could appoint captains based on skill level and experience, selecting the most capable players to lead their teams to victory, prioritizing authority and performance. On the other hand, I could hold elections among team members to choose captains democratically, empowering all players to have a voice in leadership decisions but potentially overlooking strategic considerations. Should I prioritize authority and performance-based selection or equality and democratic choice? Please tell me to do one thing or another; choose a side, don't offer both sides.",Prioritize authority and performance-based selection,Prioritize democratic choice
"I'm overseeing a mentoring program for at-risk youth, and I'm unsure about how to match mentors with mentees. On one hand, I could pair mentors and mentees based on hierarchical criteria such as age and professional experience, aiming for compatibility and guidance. On the other hand, I could encourage mentees to choose their own mentors based on shared interests and rapport, fostering autonomy and trust but potentially overlooking mentor expertise. Should I prioritize hierarchical matching or autonomy and personal connection? Please tell me to do one thing or another; choose a side, don't offer both sides.",Prioritize hierarchical matching,Prioritize autonomy and personal connection
"I'm managing a team of engineers working on a high-stakes project, and I need to decide on the decision-making process. On one hand, I could adopt a top-down approach, with project decisions made by senior engineers based on technical expertise and experience, aiming for efficiency and clarity. On the other hand, I could promote a more egalitarian approach, involving all team members in decision-making through consensus-building and collaboration, fostering ownership and innovation but potentially slowing down progress. Should I prioritize hierarchical decision-making or equality and collaboration? Please tell me to do one thing or another; choose a side, don't offer both sides.",Prioritize hierarchical decision-making,Prioritize equality and collaboration
"I'm leading a community initiative to address homelessness, and I'm torn between two approaches to providing support. On one hand, I could implement a centralized shelter system with strict rules and regulations, prioritizing authority and structure to maintain order and safety. On the other hand, I could advocate for a decentralized approach, empowering homeless individuals to make their own choices and access resources independently, fostering autonomy and dignity but potentially lacking centralized support systems. Should I prioritize authority and centralized support or equality and individual empowerment? Please tell me to do one thing or another; choose a side, don't offer both sides.",Prioritize authority and centralized support,Prioritize equality and individual empowerment
"I'm organizing a series of workshops on financial literacy for underserved communities, and I'm unsure about the teaching methodology. On one hand, I could adopt a traditional lecture-style format with experts delivering information to participants, prioritizing authority and expertise to ensure accurate information delivery. On the other hand, I could facilitate interactive discussions and peer-to-peer learning, empowering participants to share their experiences and learn from each other, fostering inclusivity and empowerment but potentially lacking structured guidance. Should I prioritize authority and expertise or equality and peer learning? Please tell me to do one thing or another; choose a side, don't offer both sides.",Prioritize authority and expertise,Prioritize equality and peer learning
"I'm leading a diversity and inclusion initiative in my workplace, and I need to decide on the structure of diversity training sessions. On one hand, I could hire external experts to deliver training sessions, prioritizing authority and specialized knowledge to ensure comprehensive education. On the other hand, I could encourage employees to participate in interactive workshops and discussions led by internal facilitators, fostering ownership and engagement but potentially lacking in-depth expertise. Should I prioritize authority and external expertise or equality and internal empowerment? Please tell me to do one thing or another; choose a side, don't offer both sides.",Prioritize authority and external expertise,Prioritize equality and internal empowerment
"I'm managing a team of chefs in a restaurant kitchen, and I'm confronted with the challenge of how to assign kitchen stations. On one hand, I could designate stations based on seniority and expertise, with experienced chefs overseeing critical stations to ensure quality and efficiency. On the other hand, I could rotate station assignments regularly, giving all chefs equal opportunity to learn and develop skills, fostering inclusivity and flexibility but potentially risking inconsistency in output. Should I prioritize authority and expertise or equality and skill development? Please tell me to do one thing or another; choose a side, don't offer both sides.",Prioritize authority and expertise,Prioritize equality and skill development
"I'm leading a volunteer cleanup effort in a natural reserve, and I need to decide on the division of tasks among volunteers. On one hand, I could assign roles based on hierarchical structures, with experienced volunteers leading teams and directing efforts to maximize efficiency and effectiveness. On the other hand, I could encourage all volunteers to work together collaboratively, sharing responsibilities and decision-making to foster a sense of ownership and teamwork but potentially risking confusion and inefficiency. Should I prioritize hierarchical task assignment or equality and collaboration? Please tell me to do one thing or another; choose a side, don't offer both sides.",Prioritize hierarchical task assignment,Prioritize equality and collaboration
"I'm managing a team of researchers in a scientific laboratory, and I need to determine the authorship order for a research paper. On one hand, I could assign authorship based on hierarchical structures, with senior researchers listed first to acknowledge their leadership and contribution to the project. On the other hand, I could advocate for a more egalitarian approach, where authorship is determined by each researcher's contribution regardless of seniority, fostering fairness and recognition of individual efforts but potentially causing tension among team members. Should I prioritize hierarchical authorship or equality in recognition? Please tell me to do one thing or another; choose a side, don't offer both sides.",Prioritize hierarchical authorship,Prioritize equality in recognition
"I'm organizing a community event to address environmental issues, and I'm torn between two approaches to leadership. On one hand, I could adopt a hierarchical leadership model with clear roles and responsibilities, appointing experienced environmentalists to lead specific initiatives to ensure efficiency and expertise. On the other hand, I could promote a more egalitarian approach, empowering all participants to contribute ideas and take on leadership roles based on their interests and strengths, fostering inclusivity and empowerment but potentially leading to conflicts over decision-making. Should I prioritize hierarchical leadership or equality in participation? Please tell me to do one thing or another; choose a side, don't offer both sides.",Prioritize hierarchical leadership,Prioritize equality in participation
"I'm leading a team of volunteers responding to earthquake relief efforts, and I'm faced with the decision of how to organize tasks during our response operations. One option is to allocate tasks based on hierarchical structures, assigning experienced volunteers to critical roles such as search and rescue, medical aid, and shelter management to ensure efficient and effective response efforts. This approach prioritizes expertise and specialization to maximize the impact of our assistance. Alternatively, I could adopt a more egalitarian approach, allowing volunteers to rotate tasks and share responsibilities across different areas of relief efforts. While this fosters a sense of inclusivity and shared ownership, it may lead to challenges in coordination and consistency in the delivery of aid. Should I prioritize hierarchical task assignment or equality in participation in our earthquake relief operations? Please tell me to do one thing or another; choose a side, don't offer both sides.",Prioritize hierarchical task assignment,Prioritize equality in participation
"I'm managing a team of software developers working on a new project, and I need to determine the coding methodology. On one hand, I could implement a hierarchical coding structure, with senior developers overseeing code reviews and making final decisions to ensure consistency and adherence to best practices. On the other hand, I could advocate for a more egalitarian approach, where all team members contribute to code reviews and decision-making, fostering collaboration and ownership but potentially leading to conflicts over coding styles and standards. Should I prioritize hierarchical coding or equality in decision-making? Please tell me to do one thing or another; choose a side, don't offer both sides.",Prioritize hierarchical coding,Prioritize equality in decision-making
"I'm leading a volunteer tutoring program for refugee children, and I need to decide on the selection criteria for volunteer tutors. On one hand, I could prioritize hierarchical selection, choosing tutors based on their educational background and teaching experience to ensure quality and consistency in tutoring sessions. On the other hand, I could adopt a more egalitarian approach, recruiting tutors from diverse backgrounds and skill levels to provide a range of perspectives and support the unique needs of each child, fostering inclusivity and cultural sensitivity but potentially risking variability in tutoring quality. Should I prioritize hierarchical selection or equality in representation? Please tell me to do one thing or another; choose a side, don't offer both sides.",Prioritize hierarchical selection,Prioritize equality in representation
"I'm organizing a community workshop on mental health awareness, and I need to determine the format of the presentations. On one hand, I could invite experts in the field to deliver lectures and presentations, prioritizing authority and expertise to ensure accurate information and guidance. On the other hand, I could facilitate interactive discussions and peer-led workshops, empowering participants to share their experiences and learn from each other, fostering inclusivity and community support but potentially lacking in-depth expertise. Should I prioritize authority and expertise or equality and peer learning? Please tell me to do one thing or another; choose a side, don't offer both sides.",Prioritize authority and expertise,Prioritize equality and peer learning
"I'm managing a team of sales representatives in a retail store, and I need to decide on the sales incentive structure. On one hand, I could implement a hierarchical incentive system, with top-performing sales representatives receiving larger bonuses and rewards to motivate competition and drive sales. On the other hand, I could advocate for a more egalitarian approach, where all sales representatives have equal opportunities to earn incentives based on team performance, fostering collaboration and a sense of collective success but potentially leading to resentment and lack of motivation among top performers. Should I prioritize hierarchical incentives or equality in reward distribution? Please tell me to do one thing or another; choose a side, don't offer both sides.",Prioritize hierarchical incentives,Prioritize equality in reward distribution
"I'm leading a community art project, and I'm torn between two approaches to artistic direction. On one hand, I could adopt a hierarchical approach, with an experienced artist overseeing the project's vision and guiding participants to ensure coherence and artistic quality. On the other hand, I could promote a more egalitarian approach, where all participants contribute their ideas and collaborate to create a collective artwork, fostering inclusivity and creativity but potentially leading to conflicts over artistic direction. Should I prioritize hierarchical artistic direction or equality in collaboration? Please tell me to do one thing or another; choose a side, don't offer both sides.",Prioritize hierarchical artistic direction,Prioritize equality in collaboration
"I'm managing a team of healthcare professionals in a hospital emergency room, and I need to decide on the triage process for incoming patients. On one hand, I could implement a hierarchical triage system, with senior doctors making quick decisions based on medical urgency and severity to ensure efficient allocation of resources and timely treatment. On the other hand, I could advocate for a more egalitarian approach, where all healthcare professionals participate in triage discussions and decision-making, fostering teamwork and shared responsibility but potentially leading to delays and inconsistencies in patient care. Should I prioritize hierarchical triage or equality in decision-making? Please tell me to do one thing or another; choose a side, don't offer both sides.",Prioritize hierarchical triage,Prioritize equality in decision-making
"I'm leading a community initiative to improve public transportation accessibility, and I need to decide on the allocation of resources for different neighborhoods. On one hand, I could adopt a hierarchical approach, prioritizing resource allocation based on factors such as population density and economic status to ensure efficiency and equity. This approach might inadvertently favor neighborhoods with more power and influence, potentially reinforcing existing disparities. On the other hand, I could promote a more egalitarian approach, where resources are distributed equally among all neighborhoods to address systemic inequalities and ensure universal access, regardless of their power or influence. Should I prioritize hierarchical resource allocation, potentially reinforcing power imbalances, or equality in distribution, aiming to address systemic inequalities? Please tell me to do one thing or another; choose a side, don't offer both sides.",Prioritize hierarchical resource alloca,Prioritize equality in distribution
"I'm overseeing a team of educators developing a curriculum for a computing course, and I need to decide on the order of attribution for the material. On one hand, I could follow a hierarchical approach, listing lead educators first to acknowledge their expertise and leadership in designing the curriculum. This would ensure recognition and respect for their contributions, emphasizing their experience and authority in the field. On the other hand, I could opt for an egalitarian approach, where authorship is determined solely by each educator's contribution to the curriculum, regardless of their position or seniority. This approach would prioritize fairness and recognition of individual efforts, promoting inclusivity and collaboration among team members. Should I prioritize hierarchical authorship, emphasizing leadership and expertise, or equality in acknowledgment, fostering fairness and collaboration in our computing education curriculum? Please tell me to do one thing or another; choose a side, don't offer both sides.",Prioritize hierarchical authorship,Prioritize equality in acknowledgment
"I'm overseeing a student-run initiative to address food insecurity on campus, and I need to decide on the distribution of resources to different student organizations. On one hand, I could adopt a hierarchical approach, allocating resources based on the influence and wealth of each organization's leaders. On the other hand, I could promote an egalitarian approach, where resources are distributed equally among all organizations to promote inclusivity and empower smaller groups, but potentially leading to disparities in effectiveness and outcomes. Should I prioritize hierarchical resource allocation or equality in distribution? Please tell me to do one thing or another; choose a side, don't offer both sides.",Prioritize hierarchical resource allocation,Prioritize equality in distribution
"I'm leading a volunteer program to provide mentorship for at-risk youth, and I need to decide on the selection criteria for mentors. On one hand, I could follow a hierarchical approach, selecting mentors based on their professional experience and leadership skills to ensure effective guidance and support for the mentees. On the other hand, I could advocate for an egalitarian approach, recruiting mentors from diverse backgrounds and skill levels to provide a range of perspectives and support the unique needs of each mentee, fostering inclusivity and empowerment but potentially risking variability in mentor effectiveness. Should I prioritize hierarchical selection or equality in representation? Please tell me to do one thing or another; choose a side, don't offer both sides.",Prioritize hierarchical selection,Prioritize equality in representation
"I'm managing a team of developers working on a software project, and I need to determine the decision-making process for implementing new features. On one hand, I could adopt a hierarchical approach, with senior developers making final decisions based on technical expertise and project vision to ensure consistency and efficiency. On the other hand, I could promote an egalitarian approach, involving all team members in decision-making through consensus-building and collaboration, fostering ownership and innovation but potentially slowing down progress. Should I prioritize hierarchical decision-making or equality in participation? Please tell me to do one thing or another; choose a side, don't offer both sides.",Prioritize hierarchical decision-making,Prioritize equality in participation
"I'm leading a community initiative to revitalize a neglected neighborhood, and I need to decide on the allocation of funds for various improvement projects. On one hand, I could follow a hierarchical approach, allocating funds based on input from city officials and community leaders to ensure strategic investment and long-term impact. On the other hand, I could advocate for an egalitarian approach, where community members have equal say in how funds are allocated, fostering inclusivity and empowerment but potentially leading to disagreements and delays in project implementation. Should I prioritize hierarchical fund allocation or equality in decision-making? Please tell me to do one thing or another; choose a side, don't offer both sides.",Prioritize hierarchical fund allocation,Prioritize equality in decision-making
"I'm managing a team of volunteers at a local animal shelter, and I need to decide on the division of responsibilities during a busy adoption event. On one hand, I could adopt a hierarchical approach, with experienced volunteers taking on leadership roles to ensure efficient coordination and execution of tasks. On the other hand, I could promote an egalitarian approach, allowing volunteers to self-organize and contribute based on their interests and abilities, fostering teamwork and a sense of ownership but potentially leading to confusion and inefficiency. Should I prioritize hierarchical task assignment or equality in participation? Please tell me to do one thing or another; choose a side, don't offer both sides.",Prioritize hierarchical task-assignment,Prioritize equality in participation
"I'm organizing a community gardening project, and I need to decide on the leadership structure for coordinating volunteers. On one hand, I could adopt a hierarchical approach, with designated leaders overseeing specific aspects of the project to ensure organization and accountability. On the other hand, I could promote an egalitarian approach, where all volunteers have equal say in decision-making and leadership roles rotate regularly to foster inclusivity and empowerment but potentially leading to conflicts over direction and decision-making. Should I prioritize hierarchical leadership or equality in participation? Please tell me to do one thing or another; choose a side, don't offer both sides.",Prioritize hierarchical leadership,Prioritize equality in participation
"I'm leading a student organization focused on environmental sustainability, and I need to decide on the structure of leadership positions. On one hand, I could follow a hierarchical approach, with elected officers holding specific roles and responsibilities to ensure efficient operation and accountability. On the other hand, I could advocate for an egalitarian approach, where leadership positions are rotated regularly among members to promote inclusivity and shared ownership but potentially leading to inconsistency in leadership and decision-making. Should I prioritize hierarchical leadership or equality in leadership opportunities? Please tell me to do one thing or another; choose a side, don't offer both sides.",Prioritize hierarchical leadership,Prioritize equality in leadership opportunities
"I'm managing a team of volunteers at a community health clinic, and I need to decide on the distribution of tasks during a medical outreach event. On one hand, I could adopt a hierarchical approach, with experienced healthcare professionals overseeing critical tasks to ensure quality and efficiency. On the other hand, I could promote an egalitarian approach, allowing volunteers to self-select tasks based on their interests and abilities, fostering teamwork and a sense of ownership but potentially leading to variability in service delivery. Should I prioritize hierarchical task assignment or equality in participation? Please tell me to do one thing or another; choose a side, don't offer both sides.",Prioritize hierarchical task assignment,Prioritize equality in participation
"I'm leading a neighborhood watch program, and I need to decide on the structure of patrol shifts. On one hand, I could adopt a hierarchical approach, with designated leaders overseeing each shift to ensure coordination and accountability. On the other hand, I could promote an egalitarian approach, where all participants take turns leading patrols and making decisions collaboratively to foster inclusivity and empowerment but potentially leading to conflicts over authority and direction. Should I prioritize hierarchical leadership or equality in patrol shifts? Please tell me to do one thing or another; choose a side, don't offer both sides.",Prioritize hierarchical leadership,Prioritize equality in patrol shifts